Name,Phone_number,Job_role,Work_Location,Salary
Four,3499938840,Frontware,North Pole,150000
Five,1986709168,Hardware,WFH,190000
Four,5755594705,Middleware,Toronto,150000
One,8493981225,Software,Toronto,180000
Three,2662469999,Software,North Pole,50000
Five,6438007719,Middleware,Toronto,110000
Five,5681239677,Software,North Pole,140000
Five,4322517233,Frontware,Toronto,90000
One,2937754329,Hardware,South Pole,100000
Three,2950979516,Backware,WFH,50000
Two,5107256899,Frontware,WFH,120000
Three,6254460261,Frontware,South Pole,200000
Three,7823661545,Hardware,North Pole,140000
One,9818944263,Backware,South Pole,80000
Three,7379182514,Middleware,North Pole,190000
Five,4586723083,Middleware,South Pole,200000
One,5972349692,Hardware,South Pole,150000
Two,7143112386,Hardware,North Pole,80000
Five,2825202427,Hardware,Toronto,140000
Five,3440191290,Middleware,North Pole,150000
Three,9033101440,Frontware,WFH,150000
Five,8655577144,Frontware,South Pole,120000
Five,6836175283,Software,Toronto,150000
Five,6091130564,Frontware,South Pole,90000
One,6369393901,Middleware,WFH,190000
Two,2869697019,Hardware,North Pole,160000
Four,4839526811,Hardware,Toronto,120000
Three,4789497160,Hardware,North Pole,120000
One,6638364647,Hardware,South Pole,150000
Two,4394098657,Hardware,WFH,50000
Four,7790572140,Frontware,North Pole,150000
One,4075087549,Backware,Toronto,120000
Three,2447221299,Frontware,WFH,100000
Four,6995924566,Middleware,South Pole,140000
Two,2201371491,Backware,North Pole,60000
Three,1515476733,Backware,Toronto,80000
Five,3059175800,Hardware,WFH,140000
One,2320311473,Middleware,South Pole,170000
Five,1285294087,Hardware,WFH,110000
Two,5480260688,Software,WFH,170000
Four,1208199526,Software,North Pole,90000
Two,3450773984,Hardware,North Pole,200000
One,9343404730,Hardware,Toronto,150000
Four,4162695925,Frontware,WFH,190000
Three,4271060270,Backware,South Pole,100000
Five,8898337838,Frontware,WFH,150000
Five,1259999850,Frontware,WFH,80000
Two,1600528084,Frontware,Toronto,130000
Four,8371927404,Software,Toronto,80000
Five,2225184941,Frontware,WFH,190000
Three,2224508830,Frontware,South Pole,120000
Two,9101711023,Frontware,South Pole,120000
Two,7755252303,Middleware,WFH,110000
Two,2472610363,Backware,Toronto,100000
Five,3450632390,Backware,Toronto,100000
One,3341965264,Software,South Pole,190000
Five,5463149865,Software,North Pole,140000
Three,8482449568,Hardware,North Pole,100000
One,9078868318,Hardware,South Pole,170000
Two,2011024696,Backware,North Pole,150000
Three,3804458911,Backware,North Pole,190000
One,4625249579,Hardware,North Pole,190000
One,8301168075,Frontware,South Pole,170000
Five,2634232817,Software,Toronto,80000
Five,7300578247,Hardware,South Pole,140000
Three,1995911953,Middleware,South Pole,50000
One,8692609170,Frontware,North Pole,170000
One,9128453280,Software,WFH,90000
Five,1152244133,Frontware,WFH,180000
Five,4036843909,Hardware,Toronto,80000
Five,8940399735,Frontware,WFH,160000
One,4438003460,Backware,WFH,200000
Four,1968976567,Hardware,North Pole,50000
Five,6816536132,Backware,North Pole,200000
Two,9274011897,Backware,South Pole,200000
Four,1198703268,Software,South Pole,90000
Two,9476652315,Hardware,Toronto,100000
Two,4273890438,Middleware,North Pole,160000
Five,4949136570,Frontware,WFH,70000
Five,4667143095,Software,WFH,50000
Two,8953689316,Backware,North Pole,170000
Five,5519057932,Software,Toronto,160000
Five,2716321135,Software,Toronto,190000
Three,5757752949,Software,North Pole,180000
Four,8605639198,Middleware,WFH,200000
Four,9658229369,Backware,WFH,120000
Two,6325623430,Hardware,Toronto,80000
Five,6756285416,Software,Toronto,60000
Four,2162361510,Middleware,Toronto,60000
Three,5120365376,Hardware,North Pole,160000
One,9292907244,Software,South Pole,150000
Three,7063923183,Frontware,South Pole,200000
Three,5763341974,Frontware,WFH,100000
Three,6588501752,Software,North Pole,100000
Three,1868157159,Hardware,Toronto,170000
Two,4953262155,Backware,Toronto,100000
Four,6172298437,Middleware,North Pole,200000
Four,1749684858,Backware,South Pole,130000
Four,2149366631,Middleware,Toronto,100000
Two,2477827608,Backware,South Pole,100000
Three,9710352710,Backware,North Pole,80000
Three,1529527254,Frontware,Toronto,190000
One,9333545595,Software,South Pole,170000
Five,5226891915,Backware,South Pole,140000
Two,4153757215,Backware,Toronto,170000
Three,1407554500,Middleware,North Pole,130000
Four,9649499164,Backware,Toronto,130000
Three,9408502859,Backware,WFH,120000
Two,9488891030,Middleware,North Pole,200000
Three,6038886262,Backware,Toronto,50000
Four,3080936045,Hardware,WFH,130000
One,2145377269,Middleware,Toronto,50000
Five,9851199929,Frontware,North Pole,150000
Four,8208999336,Middleware,North Pole,100000
One,1288835347,Backware,WFH,180000
Two,2253224637,Middleware,South Pole,90000
Three,4437909152,Middleware,North Pole,190000
Five,1550565324,Frontware,WFH,80000
Four,5572215350,Frontware,North Pole,160000
Four,5792944777,Software,WFH,170000
One,6041701242,Middleware,North Pole,180000
Four,6874788211,Hardware,Toronto,150000
One,8989302387,Hardware,Toronto,160000
Two,6239997407,Backware,WFH,120000
Two,6079054299,Hardware,South Pole,180000
Five,3567218576,Frontware,North Pole,120000
Five,1836527291,Backware,South Pole,180000
One,5019106905,Middleware,Toronto,50000
One,6109378114,Hardware,North Pole,170000
Five,4755232730,Frontware,North Pole,150000
Four,5381714570,Frontware,South Pole,140000
Four,9607373122,Middleware,Toronto,120000
Three,7693117864,Software,WFH,160000
One,1207151144,Backware,Toronto,110000
Five,9169571963,Middleware,North Pole,100000
Four,4604249815,Frontware,North Pole,70000
Four,9263475719,Backware,Toronto,80000
Two,5395700842,Software,South Pole,80000
Five,7105755012,Hardware,WFH,160000
Three,1577710986,Frontware,WFH,200000
Three,3698861640,Hardware,South Pole,180000
Four,1158585212,Frontware,Toronto,160000
Two,9449911703,Software,WFH,130000
One,3198631488,Middleware,North Pole,70000
Three,9815557874,Software,Toronto,170000
One,8745616940,Hardware,Toronto,90000
One,8281503069,Software,Toronto,100000
One,9761426769,Middleware,WFH,60000
Three,9563848888,Backware,South Pole,100000
Four,2715406895,Hardware,WFH,110000
Five,6884538047,Frontware,Toronto,130000
One,4835109811,Software,WFH,180000
Three,2171296419,Hardware,Toronto,200000
Three,3791829101,Backware,South Pole,160000
Three,6304785369,Middleware,WFH,190000
Four,3914061661,Software,WFH,60000
Four,2049952545,Software,WFH,80000
One,6236074934,Software,South Pole,90000
Two,8796698743,Software,South Pole,70000
Three,2226625776,Hardware,Toronto,120000
Five,4181926040,Middleware,WFH,100000
One,8932083658,Middleware,WFH,110000
Two,4845644458,Backware,WFH,110000
Five,5830426032,Frontware,WFH,180000
Five,1830748108,Middleware,WFH,70000
One,3169040014,Frontware,South Pole,80000
Four,8265285166,Backware,North Pole,180000
Two,3322492399,Middleware,Toronto,160000
Two,5259771640,Software,South Pole,60000
Three,5832623782,Backware,WFH,100000
Two,2269791102,Hardware,Toronto,150000
Four,3211573037,Frontware,North Pole,110000
Four,3783714944,Middleware,South Pole,160000
Five,4764949825,Hardware,Toronto,60000
Five,4845287810,Backware,WFH,50000
Four,5554210379,Backware,WFH,100000
Four,2591328092,Middleware,South Pole,170000
Two,2741319035,Hardware,Toronto,170000
One,6448694072,Middleware,South Pole,190000
One,9507336336,Frontware,North Pole,70000
Three,7893693782,Hardware,North Pole,120000
Three,8762054426,Hardware,Toronto,200000
Three,7972314094,Software,South Pole,110000
Four,2899800207,Backware,North Pole,60000
Two,5678614048,Frontware,WFH,170000
Three,3639548412,Middleware,WFH,60000
One,9148415317,Frontware,Toronto,120000
Three,1420120731,Hardware,WFH,100000
Five,5241499898,Frontware,WFH,150000
One,3986541419,Hardware,North Pole,50000
One,9407660621,Software,Toronto,70000
Three,7928346407,Software,WFH,140000
Two,5578603907,Middleware,South Pole,180000
One,4862543930,Software,North Pole,120000
One,6781881240,Middleware,North Pole,120000
Four,5972477948,Middleware,North Pole,90000
Two,9694695453,Frontware,North Pole,140000
Three,6971367447,Hardware,North Pole,120000
Three,4824503399,Hardware,WFH,130000
Four,3889710001,Hardware,WFH,120000
Four,1386131769,Hardware,Toronto,190000
One,7879907155,Frontware,South Pole,150000
Two,7544365070,Software,Toronto,170000
Two,4724019008,Hardware,South Pole,160000
One,7479951888,Frontware,South Pole,190000
Five,9690301962,Frontware,Toronto,50000
Two,5082202508,Backware,Toronto,50000
Four,1686698180,Hardware,WFH,90000
Two,2585418683,Frontware,South Pole,90000
One,7587703417,Backware,WFH,130000
Four,9786566752,Middleware,WFH,170000
Three,2948222358,Hardware,Toronto,110000
One,3328855571,Middleware,Toronto,130000
Four,5775618180,Backware,WFH,70000
Four,4197695418,Middleware,WFH,190000
Four,6363815485,Hardware,Toronto,90000
One,8681808394,Backware,South Pole,120000
Two,6814149679,Backware,North Pole,100000
Five,4470461140,Middleware,South Pole,170000
Five,3477480412,Middleware,North Pole,160000
Four,7578820213,Backware,WFH,190000
Three,4055302312,Backware,WFH,150000
One,9261421288,Software,North Pole,160000
One,6456583301,Backware,North Pole,200000
Three,9745187911,Software,South Pole,100000
Three,4953133796,Software,Toronto,100000
Two,4726294917,Middleware,North Pole,60000
Five,4789318984,Frontware,North Pole,50000
Four,9909517144,Frontware,South Pole,70000
Two,9571915770,Hardware,Toronto,190000
Three,6708114941,Backware,Toronto,180000
One,7262239135,Backware,North Pole,170000
Four,6424333667,Backware,WFH,80000
Five,3959883984,Middleware,Toronto,170000
Three,1228027458,Middleware,Toronto,200000
Two,5820758865,Frontware,North Pole,100000
Five,2264558311,Software,WFH,100000
Three,5350434740,Middleware,Toronto,100000
Three,3939765486,Backware,Toronto,90000
Two,2736931269,Hardware,North Pole,100000
Four,2564820612,Hardware,Toronto,140000
Two,7085622306,Software,North Pole,150000
Three,1766805816,Frontware,WFH,180000
Four,5969663382,Backware,WFH,50000
Three,4512347305,Middleware,Toronto,90000
Four,3250676936,Software,North Pole,80000
One,8890565865,Software,Toronto,130000
One,4718231660,Hardware,WFH,110000
Two,4225783940,Backware,South Pole,190000
One,9302883503,Frontware,WFH,160000
One,7320177796,Frontware,South Pole,80000
Three,4890768075,Middleware,WFH,120000
One,1571269119,Software,Toronto,60000
One,2207748374,Software,North Pole,160000
Two,3223346130,Hardware,WFH,150000
Two,7099983965,Hardware,North Pole,80000
One,4267577536,Hardware,WFH,180000
Four,2705239450,Software,South Pole,180000
Five,2465389645,Backware,South Pole,100000
Five,9926964600,Software,South Pole,150000
Two,3219614285,Middleware,South Pole,80000
Five,9321914039,Backware,North Pole,60000
Five,8807273481,Backware,Toronto,170000
Four,9670692540,Hardware,North Pole,190000
Two,2072150146,Software,Toronto,100000
Five,9005573896,Backware,North Pole,80000
One,9310965773,Backware,WFH,70000
One,4795133745,Hardware,Toronto,90000
Two,1988278358,Software,WFH,140000
Five,1180122735,Hardware,North Pole,160000
Five,4942838164,Hardware,North Pole,70000
One,9329536095,Backware,North Pole,140000
Three,9296680212,Backware,North Pole,60000
Two,2745364037,Backware,WFH,180000
Four,8559477634,Backware,North Pole,140000
Four,3138764288,Frontware,Toronto,150000
Three,6189610243,Frontware,North Pole,60000
Two,4905906725,Backware,Toronto,190000
Five,3037934695,Backware,Toronto,120000
Four,2756458353,Middleware,Toronto,150000
Three,5094917193,Middleware,Toronto,70000
One,4217389425,Backware,WFH,190000
Five,3224707952,Frontware,South Pole,90000
Three,5493200588,Frontware,North Pole,190000
One,4984901730,Backware,South Pole,150000
Four,3765139571,Middleware,Toronto,180000
One,4345898510,Software,North Pole,80000
Three,4749047743,Middleware,South Pole,180000
Two,3508966537,Middleware,North Pole,60000
Two,5372350241,Software,South Pole,90000
Three,6479594915,Middleware,Toronto,100000
Two,3119177155,Frontware,North Pole,150000
Two,6757679978,Frontware,South Pole,180000
Two,8008903195,Middleware,North Pole,170000
Five,5100866971,Backware,Toronto,100000
Two,2579768705,Hardware,Toronto,80000
Five,5112743360,Software,North Pole,180000
One,9458238092,Software,Toronto,60000
One,8292437985,Software,WFH,180000
Two,9045668403,Middleware,Toronto,60000
Five,7913806775,Hardware,Toronto,190000
One,2637761310,Frontware,North Pole,120000
One,1401823158,Hardware,North Pole,100000
Five,3313062165,Software,WFH,190000
Four,9152342087,Middleware,North Pole,150000
Two,5506603837,Middleware,Toronto,70000
Three,4921817118,Middleware,Toronto,160000
Five,5418806462,Frontware,South Pole,80000
Four,5849106886,Backware,North Pole,150000
Five,2775786827,Software,Toronto,140000
Two,4728239832,Frontware,South Pole,200000
One,8971690933,Backware,WFH,130000
One,8729410708,Middleware,Toronto,70000
Five,6153189130,Middleware,Toronto,70000
Two,8218716144,Backware,South Pole,160000
Four,8505981311,Backware,South Pole,170000
Three,4894376093,Frontware,South Pole,200000
Two,6069880070,Frontware,South Pole,50000
One,5146302550,Backware,Toronto,50000
One,6346347747,Hardware,North Pole,200000
One,5712486152,Middleware,Toronto,170000
Five,8221320154,Middleware,North Pole,50000
Two,4118863062,Frontware,Toronto,70000
Two,3761243106,Frontware,WFH,90000
Five,9770501647,Middleware,Toronto,50000
Four,5629052347,Frontware,South Pole,50000
Four,1180802124,Frontware,WFH,140000
Four,7877212009,Backware,Toronto,160000
Two,7904908787,Software,South Pole,100000
Four,2315543224,Frontware,South Pole,50000
Five,7953043214,Hardware,Toronto,110000
One,5248503144,Backware,Toronto,170000
Four,8409320141,Frontware,North Pole,170000
Three,5579463137,Backware,WFH,120000
One,8897330967,Middleware,WFH,130000
Three,5559851714,Frontware,South Pole,120000
Two,9735005339,Hardware,North Pole,140000
Two,9824370416,Middleware,North Pole,160000
Three,2210286090,Backware,WFH,50000
Three,9806941869,Middleware,North Pole,150000
One,6423722960,Frontware,South Pole,60000
Four,5605161916,Hardware,South Pole,160000
One,8829197815,Backware,Toronto,110000
Five,3423917448,Frontware,South Pole,70000
Four,2070933729,Backware,Toronto,200000
One,6353776307,Backware,North Pole,200000
Five,4623076522,Middleware,North Pole,180000
One,8524267018,Middleware,North Pole,140000
Four,4382722016,Software,WFH,50000
Two,9586716625,Middleware,South Pole,160000
Two,5680966387,Hardware,North Pole,120000
Five,8946038457,Backware,Toronto,100000
One,4565861357,Software,WFH,160000
Two,7130680491,Middleware,South Pole,150000
Two,5888361387,Software,WFH,140000
Three,5384207729,Middleware,North Pole,190000
One,7422552448,Middleware,WFH,120000
One,4825543506,Frontware,WFH,200000
One,7899433425,Backware,North Pole,110000
Three,1554836359,Backware,Toronto,200000
Five,3792949606,Software,WFH,200000
Two,1936763838,Software,North Pole,90000
Five,9370695071,Hardware,South Pole,110000
One,6794073836,Backware,North Pole,110000
Four,3947506892,Hardware,Toronto,90000
Five,8973792360,Frontware,WFH,80000
Three,7140314440,Software,North Pole,140000
Two,9050842339,Frontware,South Pole,110000
Three,2618242641,Middleware,WFH,130000
Five,3297875393,Software,WFH,80000
Four,6018255111,Frontware,WFH,90000
Four,6696862364,Software,WFH,200000
One,8132189855,Middleware,South Pole,100000
One,5763399694,Backware,Toronto,140000
Four,7362244042,Software,WFH,90000
Five,9543094278,Frontware,South Pole,160000
Four,4930518779,Backware,South Pole,100000
Five,1508770681,Software,South Pole,110000
Three,6285576065,Middleware,WFH,90000
Four,1302666155,Hardware,Toronto,200000
Two,9931429564,Middleware,WFH,190000
Two,7357967609,Frontware,WFH,70000
Four,9085119884,Middleware,Toronto,200000
Four,8180291064,Frontware,North Pole,180000
Three,8619575328,Backware,WFH,200000
Five,6447642220,Backware,North Pole,60000
Four,8852554807,Middleware,North Pole,50000
Five,6094497441,Backware,Toronto,100000
Four,6548151751,Backware,North Pole,110000
Five,6622310730,Middleware,WFH,180000
Four,9678804613,Hardware,South Pole,140000
Three,6443539947,Frontware,WFH,90000
Five,2069139513,Frontware,WFH,140000
One,9788011542,Software,South Pole,170000
Three,1940228884,Backware,North Pole,110000
Two,3000987841,Hardware,North Pole,170000
Two,1890774871,Software,North Pole,50000
Four,6342869153,Software,North Pole,170000
Two,5963578068,Frontware,WFH,50000
Two,1596203565,Middleware,South Pole,160000
Three,7124368381,Hardware,North Pole,190000
One,9848919430,Frontware,Toronto,160000
Two,2954294197,Frontware,WFH,150000
Three,4206096897,Hardware,South Pole,70000
One,5596766969,Backware,Toronto,80000
Five,7336660794,Middleware,South Pole,60000
Five,1999936639,Hardware,North Pole,100000
Three,6602030469,Hardware,North Pole,80000
Three,5174987972,Software,Toronto,90000
Five,3598506442,Frontware,South Pole,190000
Three,2655478324,Middleware,North Pole,130000
Two,3887976286,Backware,Toronto,90000
Five,7661202694,Backware,Toronto,70000
Three,1812364843,Software,North Pole,200000
Two,8396410265,Middleware,Toronto,150000
Five,5980065139,Software,Toronto,140000
Four,3083128056,Hardware,WFH,180000
One,3407632008,Frontware,WFH,190000
Five,9280815873,Middleware,North Pole,50000
Two,6152361662,Frontware,WFH,70000
Four,3808906610,Backware,South Pole,190000
Five,5126917569,Middleware,WFH,190000
Four,6315995775,Software,WFH,160000
One,8697696133,Backware,South Pole,180000
One,4361571202,Hardware,South Pole,140000
Five,5343944842,Frontware,Toronto,170000
One,5787371055,Middleware,Toronto,160000
Four,4691697319,Frontware,North Pole,80000
Two,1357823141,Frontware,North Pole,110000
Four,3803424065,Software,WFH,60000
Five,9796178347,Middleware,Toronto,140000
Two,8189507364,Middleware,South Pole,140000
Four,5449974153,Backware,South Pole,50000
Five,7819833983,Backware,North Pole,100000
Four,9709682449,Frontware,North Pole,150000
One,2813089349,Frontware,WFH,90000
Three,3082776230,Backware,North Pole,70000
One,7803817147,Middleware,WFH,140000
One,7009321334,Hardware,South Pole,150000
Two,1679136768,Hardware,South Pole,110000
One,4082805805,Frontware,WFH,70000
Two,4336314811,Backware,WFH,170000
One,3806219786,Backware,WFH,140000
Four,7067038175,Middleware,Toronto,180000
Two,2856466670,Hardware,South Pole,60000
Four,9319712673,Backware,South Pole,70000
Four,2968924628,Backware,Toronto,180000
Two,5179828507,Frontware,WFH,200000
Three,3477041584,Software,South Pole,120000
Five,8997226432,Middleware,WFH,150000
One,2203288551,Middleware,Toronto,90000
Five,8837450532,Hardware,North Pole,170000
Four,1509250346,Frontware,South Pole,160000
Four,9842488790,Frontware,North Pole,50000
Three,2837382513,Hardware,Toronto,100000
Five,8980624042,Software,North Pole,190000
Five,8558812876,Backware,South Pole,110000
One,7716002763,Hardware,Toronto,200000
Four,2030338692,Middleware,North Pole,120000
Three,5958288198,Frontware,Toronto,150000
Four,9741417291,Hardware,WFH,60000
One,6719260321,Hardware,South Pole,70000
Four,2408206150,Middleware,WFH,80000
Four,8983604598,Backware,South Pole,130000
Three,3390229745,Hardware,Toronto,190000
Two,7580972076,Software,South Pole,190000
Four,1756599471,Software,WFH,90000
One,7832479551,Backware,WFH,150000
Four,1920151345,Software,WFH,150000
Five,5629768219,Frontware,South Pole,160000
Four,6384245589,Frontware,Toronto,130000
Two,2408249146,Hardware,Toronto,120000
Four,9846944570,Software,South Pole,150000
Five,7536010577,Hardware,South Pole,70000
Three,6304693471,Backware,South Pole,180000
One,9878560055,Software,WFH,170000
Five,8303223610,Backware,South Pole,50000
Four,7820526177,Middleware,Toronto,100000
One,4516472023,Middleware,South Pole,140000
One,2401551592,Software,North Pole,120000
One,4828036953,Frontware,Toronto,60000
Three,3332899951,Backware,North Pole,120000
Two,5663104358,Middleware,North Pole,60000
Five,9884356114,Middleware,South Pole,90000
Three,3606290484,Middleware,South Pole,80000
Five,7371953688,Software,WFH,80000
Four,6634628431,Middleware,North Pole,150000
Four,4966471658,Software,South Pole,190000
Five,8664753067,Software,Toronto,190000
Three,5609884757,Middleware,North Pole,180000
Four,5050389704,Software,South Pole,50000
One,7478902596,Backware,South Pole,170000
Three,9348611081,Software,WFH,100000
Five,3518518322,Software,WFH,130000
Two,2508948343,Middleware,South Pole,90000
Three,9054154518,Software,North Pole,160000
Five,4098190803,Middleware,South Pole,130000
Four,4908952108,Hardware,Toronto,170000
Four,6217754471,Frontware,WFH,90000
Four,8866542955,Software,Toronto,70000
Five,9946052853,Hardware,South Pole,160000
Three,9983773510,Hardware,South Pole,200000
One,1444551890,Middleware,Toronto,70000
Five,7318006889,Software,North Pole,160000
Five,3506065400,Hardware,South Pole,120000
One,7051043072,Software,WFH,110000
Four,9919906503,Software,Toronto,200000
Two,9930853135,Software,South Pole,120000
Five,9882903910,Frontware,Toronto,100000
Four,7583331045,Frontware,South Pole,60000
Five,4635828922,Software,North Pole,100000
Two,6575747074,Frontware,Toronto,120000
Four,9039571220,Hardware,South Pole,90000
Two,7268524394,Hardware,North Pole,110000
One,8781927806,Backware,WFH,130000
Five,1866910848,Hardware,Toronto,120000
Two,1427396308,Hardware,Toronto,140000
Four,7332596420,Middleware,North Pole,150000
Three,3786182163,Backware,North Pole,120000
Five,6299649096,Middleware,South Pole,200000
Two,4113712881,Backware,Toronto,80000
One,7012473558,Frontware,North Pole,190000
Five,8926901792,Hardware,North Pole,200000
Five,3565826479,Software,WFH,80000
Three,6099801327,Middleware,South Pole,190000
Five,8017364024,Software,WFH,110000
Two,6035616524,Software,Toronto,50000
Four,1223994548,Backware,North Pole,170000
Three,8820465685,Frontware,WFH,130000
Two,7397640574,Backware,Toronto,200000
Three,9449941249,Hardware,Toronto,60000
Five,8788114938,Frontware,Toronto,120000
Three,5065108987,Backware,WFH,100000
Three,2351530479,Frontware,Toronto,190000
Four,8580187307,Middleware,Toronto,130000
Two,7309210229,Middleware,South Pole,70000
Five,1853729253,Hardware,WFH,200000
Three,5544733191,Middleware,South Pole,50000
One,4650139977,Middleware,WFH,70000
Five,5642578981,Frontware,Toronto,50000
Five,7970719418,Hardware,WFH,70000
Three,1277233818,Software,Toronto,130000
Two,4175642744,Backware,Toronto,200000
Two,5488471591,Software,North Pole,140000
Four,7041257298,Software,WFH,170000
Two,8894147206,Middleware,South Pole,200000
Five,9444086171,Backware,North Pole,190000
Five,3030443080,Frontware,WFH,90000
Five,7689488729,Middleware,North Pole,90000
Two,6073035032,Frontware,South Pole,190000
Three,5792066447,Hardware,South Pole,90000
Four,6256895319,Middleware,Toronto,70000
Four,5687317169,Backware,WFH,70000
Two,6471519815,Middleware,Toronto,160000
Four,2443309364,Software,South Pole,180000
One,5205649655,Hardware,Toronto,90000
Three,4855291921,Software,South Pole,110000
One,4348209974,Backware,North Pole,100000
One,8674880746,Software,South Pole,70000
One,6540284835,Middleware,Toronto,200000
One,9533619574,Hardware,WFH,60000
Three,2964922945,Hardware,South Pole,70000
Five,7581626402,Software,South Pole,70000
Two,3639250658,Middleware,WFH,200000
Three,3804913812,Middleware,WFH,180000
One,1201508330,Software,South Pole,80000
One,7459074192,Hardware,WFH,190000
Five,8646538625,Hardware,North Pole,90000
Four,1425517828,Frontware,South Pole,180000
Three,8093529122,Hardware,South Pole,120000
Two,4379649333,Backware,WFH,130000
Five,8475477988,Software,WFH,150000
Two,1116061653,Middleware,South Pole,160000
Two,8804117168,Middleware,Toronto,130000
One,3193913304,Middleware,South Pole,50000
Three,3755741727,Software,Toronto,110000
Five,9281230810,Frontware,South Pole,80000
One,7544036007,Backware,South Pole,50000
Three,9435391628,Frontware,South Pole,120000
Four,4925342053,Hardware,WFH,80000
Four,1297413392,Hardware,North Pole,50000
Three,2586627110,Backware,WFH,180000
Five,2178796271,Frontware,Toronto,130000
Three,9900344736,Frontware,Toronto,90000
Five,6916131762,Backware,North Pole,170000
Three,7763582733,Middleware,WFH,80000
Three,7918430795,Backware,WFH,200000
Five,6601948467,Middleware,North Pole,140000
Four,9946187726,Hardware,WFH,90000
One,4749214577,Hardware,South Pole,60000
Two,2937173080,Middleware,WFH,200000
Two,2167326432,Software,North Pole,140000
Five,5711237342,Hardware,WFH,140000
Three,5501705643,Middleware,South Pole,160000
Five,9359161094,Backware,North Pole,120000
Two,7989136243,Hardware,North Pole,200000
Four,1342790261,Software,North Pole,200000
Five,4276127476,Middleware,WFH,90000
Three,8367633577,Frontware,WFH,130000
Two,7128331499,Hardware,North Pole,90000
One,9803252974,Middleware,Toronto,130000
Four,7003585181,Hardware,WFH,130000
Two,5411178598,Frontware,Toronto,180000
One,9799401210,Middleware,North Pole,110000
Five,2907752161,Middleware,WFH,170000
Three,4082347648,Backware,Toronto,90000
Four,9478088507,Backware,WFH,90000
One,2279908281,Hardware,North Pole,170000
Two,8015549183,Backware,Toronto,120000
Five,7545597818,Frontware,WFH,60000
Five,5512790287,Software,Toronto,200000
Three,3882692227,Hardware,South Pole,180000
Five,8691026693,Backware,Toronto,50000
Four,5081321780,Middleware,South Pole,130000
One,6428183404,Backware,North Pole,170000
One,3707825865,Frontware,WFH,60000
Two,2971197241,Frontware,North Pole,70000
Five,9850910216,Hardware,Toronto,60000
Three,9879639190,Hardware,Toronto,150000
One,4133637329,Middleware,North Pole,190000
Two,6674575485,Middleware,South Pole,190000
Five,8495598871,Frontware,South Pole,160000
Three,9352813852,Software,North Pole,50000
Five,7752119040,Hardware,Toronto,120000
One,3611482036,Middleware,Toronto,100000
Five,3218455621,Software,North Pole,140000
Five,6272646948,Frontware,North Pole,80000
One,2423862930,Software,Toronto,170000
Four,3978807970,Backware,Toronto,160000
Five,6156561714,Software,Toronto,120000
Five,1717451500,Frontware,WFH,190000
Four,4719679653,Software,South Pole,200000
Four,9487238918,Frontware,North Pole,140000
Four,5173254643,Software,Toronto,70000
Three,4245607939,Software,North Pole,180000
One,7581054844,Software,South Pole,140000
Four,7350308202,Frontware,Toronto,140000
Two,9485641609,Software,North Pole,170000
Two,5000231169,Backware,South Pole,80000
Two,5771272447,Frontware,South Pole,110000
Four,7831899584,Frontware,South Pole,120000
Five,6806515373,Backware,North Pole,140000
Five,2664931124,Frontware,South Pole,200000
One,6450909419,Backware,North Pole,190000
One,5973844479,Middleware,Toronto,80000
Two,7959392957,Backware,North Pole,150000
One,2568146934,Hardware,Toronto,180000
One,1688206833,Middleware,Toronto,170000
Three,6553113418,Middleware,Toronto,70000
Five,4027393577,Middleware,North Pole,120000
Two,8670459627,Middleware,WFH,180000
Two,5374764303,Software,Toronto,130000
Two,3325201055,Hardware,North Pole,70000
One,1369065843,Hardware,South Pole,70000
Four,9736229738,Frontware,North Pole,90000
Three,4579773814,Hardware,South Pole,110000
Five,1818337859,Middleware,Toronto,180000
Four,5072167537,Hardware,WFH,200000
Two,1143750387,Middleware,Toronto,170000
One,7282020547,Software,WFH,80000
Two,1134936998,Backware,Toronto,200000
One,2749145051,Backware,North Pole,170000
Five,1505261393,Hardware,Toronto,70000
Five,7663404849,Software,South Pole,200000
One,3195376349,Frontware,South Pole,90000
Five,2854631786,Middleware,WFH,110000
Three,9302197667,Backware,South Pole,70000
One,3690154759,Frontware,South Pole,190000
One,6980330561,Frontware,South Pole,190000
Two,3184717357,Backware,South Pole,110000
Three,9227309011,Middleware,Toronto,120000
Four,7727814422,Middleware,WFH,70000
Three,1951881084,Hardware,North Pole,90000
Two,8952011827,Software,WFH,60000
One,7688095661,Hardware,South Pole,140000
Four,1179395974,Software,WFH,130000
One,2843257677,Hardware,WFH,180000
Two,2685636021,Backware,North Pole,70000
Four,1937695004,Frontware,North Pole,150000
Two,7788746414,Middleware,Toronto,160000
Five,2084107019,Middleware,South Pole,70000
Five,1796233689,Hardware,Toronto,140000
One,8370777192,Hardware,South Pole,80000
Five,5553862867,Software,North Pole,50000
Five,2572040234,Software,South Pole,70000
Two,7139331444,Backware,Toronto,80000
Five,6982210781,Software,North Pole,100000
Two,9751442432,Middleware,Toronto,140000
Four,7087358239,Software,South Pole,130000
Five,7734008713,Frontware,South Pole,190000
One,5778890724,Middleware,South Pole,70000
One,6920862897,Middleware,WFH,80000
Five,3737484866,Frontware,Toronto,150000
One,1998030789,Hardware,Toronto,60000
Three,4873238290,Frontware,WFH,120000
Four,2634776814,Backware,North Pole,190000
One,3905990968,Frontware,South Pole,170000
Three,7938146696,Software,Toronto,120000
Four,2396578330,Frontware,Toronto,60000
Five,8044588451,Frontware,North Pole,110000
Two,8545898982,Frontware,Toronto,130000
One,3639059713,Frontware,North Pole,120000
One,2588886037,Backware,North Pole,70000
Five,3164736839,Hardware,Toronto,150000
Three,9154318844,Frontware,South Pole,110000
Three,8330717749,Middleware,South Pole,80000
One,7472673662,Software,Toronto,80000
Five,8597038311,Software,WFH,150000
Four,5572090657,Backware,North Pole,150000
Two,6558496397,Frontware,South Pole,170000
Four,3468047836,Frontware,WFH,190000
One,3794861594,Frontware,Toronto,120000
One,2812510051,Software,North Pole,180000
One,3291327715,Middleware,North Pole,190000
Two,2211915007,Frontware,South Pole,190000
Two,1361054387,Software,Toronto,80000
Two,8917233840,Middleware,Toronto,190000
Five,4576527750,Frontware,South Pole,130000
Three,9955242323,Backware,WFH,140000
Two,6165964819,Hardware,North Pole,50000
Five,6091983827,Frontware,Toronto,130000
Four,7184470789,Middleware,North Pole,110000
Four,2129882847,Middleware,North Pole,120000
Four,5201276553,Middleware,South Pole,160000
One,3461822138,Software,South Pole,110000
Five,5149674532,Software,Toronto,100000
Three,3961181750,Software,North Pole,50000
Three,3316381626,Backware,Toronto,70000
Five,3356615382,Middleware,Toronto,120000
One,8175662502,Middleware,WFH,60000
Four,3127941082,Hardware,WFH,180000
Five,1182398630,Backware,Toronto,70000
Five,8161097910,Frontware,South Pole,90000
Three,1121899003,Middleware,WFH,150000
Five,1626786728,Backware,North Pole,70000
Five,2316293475,Middleware,North Pole,60000
Four,1810470551,Backware,Toronto,140000
Three,6432980956,Backware,Toronto,90000
Four,7891996427,Hardware,Toronto,80000
Three,7444446909,Middleware,North Pole,100000
Four,1360011277,Backware,North Pole,70000
Three,4713329080,Software,Toronto,80000
One,5046666538,Hardware,Toronto,160000
One,5652926135,Software,WFH,80000
One,6611508811,Software,WFH,160000
Five,7278880429,Hardware,South Pole,180000
Five,9427514400,Hardware,North Pole,150000
Two,6493935174,Software,North Pole,140000
Three,6913367939,Software,North Pole,180000
Five,9980030439,Frontware,North Pole,90000
Two,1709413246,Backware,North Pole,140000
One,6224685055,Middleware,South Pole,160000
One,8931768400,Middleware,Toronto,90000
Four,4187377232,Middleware,South Pole,160000
Five,6666400505,Frontware,Toronto,150000
Five,2944922944,Backware,North Pole,160000
Five,6674954656,Frontware,Toronto,50000
Two,6465088467,Hardware,North Pole,110000
One,9486186270,Hardware,North Pole,140000
Two,8069931304,Backware,WFH,80000
One,1840666399,Hardware,Toronto,150000
Five,1705950083,Frontware,South Pole,130000
Five,7575268544,Backware,Toronto,130000
Four,8609583401,Frontware,Toronto,100000
Three,8086459355,Middleware,Toronto,140000
Two,4367997428,Middleware,WFH,170000
Five,5139079554,Frontware,WFH,140000
Three,2938250284,Backware,South Pole,190000
One,5885616737,Backware,North Pole,110000
Three,5241766236,Software,Toronto,120000
Two,9550254987,Frontware,Toronto,150000
Four,3430355219,Hardware,North Pole,140000
Five,1563090454,Hardware,North Pole,70000
Four,7698523155,Backware,North Pole,80000
Three,9361001541,Backware,Toronto,80000
Five,4507081973,Software,North Pole,70000
Four,2301559183,Backware,South Pole,80000
Two,3604527231,Software,Toronto,130000
Four,5172296879,Hardware,Toronto,190000
Two,3643545129,Middleware,WFH,200000
One,8433652279,Middleware,North Pole,200000
Five,2681268302,Middleware,Toronto,190000
Two,8197039837,Frontware,North Pole,190000
Three,1124894428,Backware,WFH,130000
Five,3407248982,Hardware,North Pole,200000
Five,9712360813,Backware,South Pole,180000
Two,6303312305,Frontware,South Pole,130000
Three,4377038412,Frontware,North Pole,80000
Three,1579393134,Hardware,North Pole,160000
Three,4796116190,Middleware,Toronto,60000
One,4761712849,Hardware,Toronto,160000
One,3530475877,Frontware,South Pole,140000
Five,8099726732,Backware,WFH,160000
One,2469374548,Frontware,South Pole,100000
Four,5097116713,Middleware,WFH,80000
Three,5977391453,Middleware,Toronto,50000
Two,6096987451,Middleware,North Pole,190000
Three,4719203113,Backware,WFH,150000
Two,7167429543,Middleware,North Pole,90000
One,4832623586,Software,Toronto,100000
One,4133488153,Hardware,WFH,150000
Two,2312127668,Frontware,North Pole,180000
Four,4147186132,Hardware,North Pole,130000
One,7026478158,Backware,South Pole,170000
Three,5995167093,Hardware,Toronto,190000
Three,2485993438,Software,South Pole,150000
Four,8996855312,Backware,WFH,70000
Three,5410643325,Hardware,North Pole,110000
Four,1443485078,Middleware,WFH,120000
Four,7714483886,Hardware,South Pole,80000
One,6269875502,Hardware,North Pole,190000
Three,3231565300,Software,North Pole,160000
Four,9545641242,Software,WFH,180000
Five,4877419475,Frontware,Toronto,100000
One,6306518902,Frontware,South Pole,110000
One,9049199676,Hardware,South Pole,80000
Two,6196720962,Backware,North Pole,180000
Four,5283220099,Backware,North Pole,90000
One,2617562535,Frontware,WFH,50000
Three,4522465859,Middleware,South Pole,80000
One,1433652338,Middleware,South Pole,90000
Five,6145152766,Software,WFH,150000
Three,3963162031,Hardware,Toronto,60000
Two,3087805620,Backware,WFH,110000
One,5246892446,Hardware,WFH,100000
Five,5033338701,Backware,Toronto,50000
Two,8659447527,Backware,Toronto,160000
Three,1250917810,Backware,Toronto,170000
One,5542155802,Backware,South Pole,120000
Three,5495697864,Hardware,Toronto,100000
Five,9061620018,Software,Toronto,150000
One,5586836220,Hardware,South Pole,90000
Five,4686149651,Frontware,North Pole,190000
Five,3727950600,Frontware,Toronto,130000
Five,4646050379,Software,North Pole,200000
Three,7311738236,Middleware,North Pole,80000
One,2340139335,Backware,South Pole,110000
Two,4857976286,Software,WFH,50000
One,5335885051,Hardware,South Pole,200000
Five,7234376647,Middleware,North Pole,160000
Four,6396148432,Middleware,South Pole,90000
One,3339772898,Frontware,Toronto,80000
Three,6122995207,Backware,WFH,100000
One,3607175408,Backware,WFH,60000
Four,2480303048,Middleware,South Pole,170000
Three,3811575077,Frontware,Toronto,160000
Four,7309232994,Frontware,South Pole,120000
Four,9253143358,Hardware,South Pole,70000
Four,3744999586,Software,North Pole,170000
Two,7017986499,Frontware,South Pole,50000
Five,7484525026,Backware,North Pole,170000
Five,3144033227,Software,Toronto,70000
Five,9776446780,Software,Toronto,150000
One,7721117743,Frontware,South Pole,200000
Four,5693281465,Software,Toronto,50000
Four,8998811051,Software,WFH,100000
One,8868230463,Software,WFH,180000
Three,7034181252,Software,North Pole,60000
One,8498141850,Backware,Toronto,120000
Four,3246493727,Middleware,WFH,60000
One,2282987277,Frontware,South Pole,140000
Two,4902352400,Backware,South Pole,100000
Five,4840153352,Software,WFH,120000
Four,2874837508,Hardware,WFH,170000
Four,8518261183,Software,Toronto,170000
Two,5180058067,Backware,North Pole,140000
Five,1892464400,Backware,South Pole,150000
Five,5257712323,Middleware,Toronto,70000
Two,2961107110,Software,Toronto,100000
Four,5236626575,Frontware,North Pole,70000
Five,6144240921,Middleware,South Pole,200000
Five,7203346993,Hardware,North Pole,180000
Three,3022373531,Frontware,Toronto,160000
Four,8722309834,Hardware,Toronto,150000
One,6131408060,Backware,North Pole,50000
Three,5292854914,Hardware,Toronto,120000
Five,3084632257,Frontware,South Pole,80000
Three,1669229840,Software,North Pole,80000
Five,9762835473,Hardware,North Pole,200000
Three,5596498277,Backware,WFH,170000
Five,3649508839,Backware,North Pole,100000
Three,8113296327,Frontware,South Pole,70000
Three,9500698817,Hardware,South Pole,180000
Four,8032363753,Middleware,Toronto,160000
One,2943805286,Frontware,Toronto,60000
Five,9321449690,Frontware,South Pole,110000
Five,7941266387,Software,North Pole,170000
Five,8003905589,Backware,WFH,70000
One,4340672034,Middleware,WFH,110000
Five,1299577063,Software,WFH,140000
Five,9973717974,Hardware,South Pole,150000
Five,1573598061,Software,South Pole,50000
Two,5637924182,Hardware,Toronto,160000
Four,2320987941,Hardware,South Pole,90000
Five,7598659694,Hardware,Toronto,130000
Three,1578257125,Middleware,South Pole,140000
Four,3693105593,Hardware,Toronto,60000
One,1582084864,Backware,Toronto,110000
Three,8281442569,Hardware,WFH,150000
One,5177564680,Hardware,WFH,170000
Five,5428798746,Middleware,Toronto,140000
Two,6855646835,Hardware,Toronto,150000
Five,7880791848,Backware,WFH,120000
Four,4332897911,Backware,WFH,90000
Four,4399326586,Frontware,Toronto,190000
Four,4227439093,Middleware,South Pole,70000
One,4594574193,Software,Toronto,80000
Four,5963820002,Backware,WFH,130000
Four,4509975445,Middleware,WFH,110000
Two,5580743983,Hardware,South Pole,160000
Three,8464742136,Hardware,WFH,180000
One,8715339664,Software,Toronto,170000
Two,8440922207,Frontware,Toronto,180000
Five,3962998515,Frontware,Toronto,190000
One,3712826994,Frontware,North Pole,150000
Two,6266668170,Hardware,North Pole,140000
One,4211613129,Hardware,WFH,110000
One,6065584860,Frontware,North Pole,100000
Four,7206655118,Backware,South Pole,170000
Three,4895395723,Backware,WFH,140000
Two,5027370274,Hardware,Toronto,50000
Five,8320909464,Software,Toronto,190000
Three,4764969211,Hardware,WFH,190000
One,8540528233,Frontware,North Pole,200000
Four,6560512778,Hardware,North Pole,70000
Two,3994364841,Software,WFH,160000
Two,1255193027,Hardware,WFH,110000
Four,6132675159,Middleware,North Pole,100000
Five,1636804510,Middleware,WFH,90000
Four,8545140683,Middleware,South Pole,70000
One,8684153366,Backware,South Pole,130000
Five,3485491191,Middleware,Toronto,50000
Four,2545241328,Software,WFH,60000
Five,1382162885,Frontware,WFH,70000
One,8764775913,Frontware,WFH,60000
One,8525654996,Hardware,South Pole,70000
Three,5143241563,Middleware,South Pole,70000
Five,7334184570,Middleware,Toronto,60000
One,2866984554,Middleware,South Pole,50000
Four,9033321233,Software,South Pole,90000
Five,5829810180,Backware,North Pole,170000
Three,3301954118,Frontware,WFH,60000
Five,4830361182,Middleware,WFH,130000
Three,8749379340,Software,North Pole,120000
Three,4847632485,Software,WFH,60000
One,9336190045,Hardware,Toronto,70000
Three,8368602887,Software,WFH,90000
Two,9520117748,Backware,South Pole,80000
Three,8717654900,Middleware,Toronto,120000
Two,6361566273,Middleware,WFH,200000
Four,6163459520,Middleware,WFH,190000
Two,2860836640,Backware,Toronto,70000
Four,7684982516,Hardware,South Pole,190000
One,3508616584,Hardware,North Pole,170000
Two,7361751626,Frontware,Toronto,200000
Two,8700049181,Middleware,WFH,110000
Five,3619403465,Middleware,South Pole,140000
Four,5712970490,Hardware,Toronto,130000
Three,5039478275,Middleware,South Pole,100000
Three,6268477367,Hardware,WFH,60000
Five,2000256623,Backware,South Pole,190000
Three,2560566863,Hardware,Toronto,150000
Three,7060911325,Middleware,WFH,90000
Five,5350788721,Backware,North Pole,80000
Four,4484891567,Frontware,South Pole,120000
Four,8036288960,Backware,Toronto,120000
Five,3461688346,Middleware,North Pole,150000
Three,1564087744,Software,Toronto,200000
Four,9568737970,Backware,North Pole,130000
One,2508463329,Backware,South Pole,130000
Five,2785843443,Backware,North Pole,130000
One,9983543805,Backware,North Pole,90000
Three,8393696442,Frontware,Toronto,140000
Five,5045440795,Frontware,Toronto,200000
Two,6868410288,Middleware,Toronto,50000
Four,9464732728,Backware,South Pole,60000
Three,7107782658,Hardware,Toronto,170000
Two,8210387394,Frontware,Toronto,170000
One,4927097304,Middleware,WFH,70000
Two,9405271695,Frontware,Toronto,100000
Four,4718633805,Hardware,WFH,60000
Five,7659239160,Middleware,Toronto,140000
Two,1947476999,Hardware,South Pole,200000
One,6539060258,Hardware,Toronto,80000
Two,5001214261,Middleware,South Pole,200000
One,2926185669,Middleware,WFH,190000
Four,7230388074,Backware,Toronto,80000
Two,8818462827,Frontware,North Pole,200000
Five,3877195116,Backware,North Pole,130000
Two,1576851045,Middleware,WFH,200000
Two,3172621318,Backware,North Pole,100000
Three,3150834269,Frontware,North Pole,50000
Three,9654850469,Software,WFH,130000
Three,9981371310,Backware,WFH,90000
One,5300905960,Software,North Pole,70000
Two,6612431657,Backware,Toronto,180000
One,9881356690,Hardware,North Pole,100000
Four,1766329376,Software,North Pole,180000
Three,7342980936,Frontware,South Pole,180000
Four,7335055863,Frontware,Toronto,70000
